user_70,abashedlyb6oc
user_5,aamJl8H
user_73,abashlesslyuVuN
user_26,abacistdCAx
user_69,abashed4dwu
user_50,abandonerdG1n
user_80,abatableZCtE
user_27,abackwVmX
user_55,AbarambobFdf
user_1,a0gsM
user_90,abatured8mL
user_87,abatorFhGC
user_78,Abassinpaz9
user_12,AaronitegubG
user_56,Abaris45O8
user_40,abalienatevPxo
user_63,abasedlyOOR6
user_9,AarondgZW
user_49,abandoneeQ83I
user_77,abaskRyRf
user_86,abatonTscv
user_95,abbGRwh
user_62,abased7FCb
user_96,AbbatdUL
user_91,abaveYUlp
user_67,AbasgitRXt
user_81,abatedHSI
user_89,Abatua4cmW
user_76,abasicDftx
user_0,AVfwX
user_34,Abaditeek9X
user_14,Aarux82T
user_75,abasiaQf47
user_20,abacaypsj
user_21,abacateEFYi
user_97,abbacomesgRrJ
user_33,abacus480K
user_93,abaxilenPUB
user_85,abatised74f8
user_92,abaxialRXF4
user_16,abaVN5F
user_52,AbanicsVsi
user_17,Ababdehz8Fn
user_82,abatement5aBl
user_64,abasednessGNPC
user_24,abacinationCqbo
user_29,abactinallyDACQ
user_2,aa2qJY
user_47,abandoned89Xj
user_38,abaiserLRdT
user_59,abarticulation2BEL
user_83,abaterLJ5h
user_58,abarticularcldW
user_43,AbamapHXj
user_57,abarthrosisMipX
user_35,abaffD9TQ
user_36,abaft2xLh
user_10,AaronicUrQc
user_74,abashmentINbp
user_8,aardwolfg3Sq
user_4,aaliiiZc5
user_72,abashlessmGy6
user_42,abaloneGKFE
user_7,aardvarkVuJ8
user_61,abaserJJB
user_28,abactinalwmIY
user_79,abastardizeNuVp
user_46,abandonableM8j2
user_18,AbabuaYdcU
user_51,abandonmentM4SY
user_44,abampereXitP
user_13,Aaronitic2zqN
user_68,abashgp2B
user_98,abbacyzR5v
user_37,abaisanceQcp4
user_23,abacinate9zB5
user_71,abashednessK8PC
user_32,abaculuskoIw
user_48,abandonedlyz1Vd
user_94,abazeWGyg
user_30,abactionjSfM
user_39,abaissedT4FW
user_6,Aani1di8
user_11,AaronicalWMXE
user_54,abaptistonCONt
user_99,AbbadideSR1a
user_53,Abantes7a4t
user_60,abaspwJQ
user_66,abaserUO1D
user_19,abacXb9k
user_3,aaldAut
user_15,AbPbro
user_88,abattoirlZK3
user_45,abandonDuF1
user_84,abatishPUR
user_65,abasementEulN
user_41,abalienationZoNW
user_25,abaciscusp2Ev
user_22,abacayDpWu
user_31,abactorwgPT
